{"cameraMode":{"drawMode":0,"name":"Shaded","section":"Shading Mode"},"sceneLighting":true,"audioPlay":false,"sceneViewState":{"showFog":true,"showMaterialUpdate":false,"showSkybox":true,"showFlares":true,"showImageEffects":true,"showParticleSystems":true},"in2DMode":false,"pivot":{"x":-0.9450879096984863,"y":-0.7696189880371094,"z":-0.9562559127807617},"rotation":{"x":0.17230822145938874,"y":-0.7040904760360718,"z":0.18264438211917878,"w":0.6642529368400574},"size":2.04076886177063,"orthographic":false}